customer_clusters,order_count,mean_order,total_spend,first_purchase_days,last_purchase_days,cat_0,cat_1,cat_2,cat_3,cat_4
0,14.025773195876289,360.8727871111574,6578.429604810996,301.37628865979383,17.780927835051546,0.0013561519311025686,0.8558248382974045,0.0007310610102541227,0.015209514852403367,0.12687843390883538
1,2.8497942386831276,211.916405422207,561.3114423868312,214.4897119341564,112.01851851851852,0.007968147266874824,0.4393921156590846,0.0002114646002110422,0.01786950301144842,0.5325011562936568
2,2.6839967506092606,446.7483893563111,1068.3225938261576,246.95288383428107,127.29325751421608,0.0008284644312711571,0.8859483357892417,0.00011906309130064659,0.015851254133169693,0.09725288255501671
3,1.9799498746867168,124.63827326252138,221.13804511278195,239.8734335839599,181.90225563909775,0.0006458651708797752,0.8828958416498371,0.0,0.030161472489752796,0.07752489086496896
4,1.739766081871345,315.0186494186856,518.1179824561403,45.187134502923975,28.257309941520468,0.0017020741729773402,0.8658341897763143,0.0033529093821417872,0.010248889689532956,0.11886193697903358
